{
  "__type__": "cc.Skeleton",
  "_name": "Skin-1",
  "_objFlags": 0,
  "__editorExtras__": {},
  "_native": "",
  "_joints": [
    "Bip002/Bip002 Pelvis/Bip002 Spine/Bip002 Spine1/Bip002 Neck/Bip002 Neck1/Bip002 Head/Bone011/Bone012/Bone013/Bone014/Bone015/Bone016/Bone017/Bone018",
    "Bip002/Bip002 Pelvis/Bip002 Spine/Bip002 Spine1/Bip002 Neck/Bip002 Neck1/Bip002 Head/Bone011/Bone012/Bone013/Bone014/Bone015/Bone016/Bone017/Bone018/Bone019",
    "Bip002/Bip002 Pelvis/Bip002 Spine/Bip002 Spine1/Bip002 Neck/Bip002 Neck1/Bip002 Head/Bone011/Bone012",
    "Bip002/Bip002 Pelvis/Bip002 Spine/Bip002 Spine1/Bip002 Neck/Bip002 Neck1/Bip002 Head/Bone011/Bone012/Bone013/Bone014/Bone015",
    "Bip002/Bip002 Pelvis/Bip002 Spine/Bip002 Spine1/Bip002 Neck/Bip002 Neck1/Bip002 Head/Bone011/Bone012/Bone013/Bone014/Bone015/Bone016",
    "Bip002/Bip002 Pelvis/Bip002 Spine/Bip002 Spine1/Bip002 Neck/Bip002 Neck1/Bip002 Head/Bone011/Bone012/Bone013/Bone014",
    "Bip002/Bip002 Pelvis/Bip002 Spine/Bip002 Spine1/Bip002 Neck/Bip002 Neck1/Bip002 Head/Bone011/Bone012/Bone013",
    "Bip002/Bip002 Pelvis/Bip002 Spine/Bip002 Spine1/Bip002 Neck/Bip002 Neck1/Bip002 Head/Bone011/Bone012/Bone013/Bone014/Bone015/Bone016/Bone017"
  ],
  "_bindposes": [
    {
      "__type__": "cc.Mat4",
      "m00": -0.000016609945305390283,
      "m01": 0.0001714224781608209,
      "m02": -100,
      "m03": 0,
      "m04": -99.95375061035156,
      "m05": 3.0414505004882812,
      "m06": 0.000021815989384776913,
      "m07": 0,
      "m08": 3.0414512157440186,
      "m09": 99.95372772216797,
      "m10": 0.00017083800048567355,
      "m11": 0,
      "m12": 0.06277240067720413,
      "m13": -0.001891676802188158,
      "m14": -2.0949258328073483e-7,
      "m15": 1
    },
    {
      "__type__": "cc.Mat4",
      "m00": -0.000016609945305390283,
      "m01": 0.0001714224781608209,
      "m02": -100,
      "m03": 0,
      "m04": -99.95375061035156,
      "m05": 3.0414505004882812,
      "m06": 0.000021815989384776913,
      "m07": 0,
      "m08": 3.0414512157440186,
      "m09": 99.95372772216797,
      "m10": 0.00017083800048567355,
      "m11": 0,
      "m12": 0.02122231014072895,
      "m13": -0.001891800668090582,
      "m14": -2.0949276802184613e-7,
      "m15": 1
    },
    {
      "__type__": "cc.Mat4",
      "m00": -0.000017025015040417202,
      "m01": 0.0002929455367848277,
      "m02": -100,
      "m03": 0,
      "m04": -99.98514556884766,
      "m05": 1.723819375038147,
      "m06": 0.000022072337742429227,
      "m07": 0,
      "m08": 1.7238197326660156,
      "m09": 99.9851303100586,
      "m10": 0.00029260857263579965,
      "m11": 0,
      "m12": 0.7110238671302795,
      "m13": -0.011454070918262005,
      "m14": -2.3741550592148997e-7,
      "m15": 1
    },
    {
      "__type__": "cc.Mat4",
      "m00": -0.000017260608728975058,
      "m01": -0.0017109466716647148,
      "m02": -100,
      "m03": 0,
      "m04": -99.9996109008789,
      "m05": -0.2812427282333374,
      "m06": 0.00002207245233876165,
      "m07": 0,
      "m08": -0.2812427878379822,
      "m09": 99.99958801269531,
      "m10": -0.0017108916072174907,
      "m11": 0,
      "m12": 0.43496599793434143,
      "m13": 0.0008904621354304254,
      "m14": -2.2105139407813112e-7,
      "m15": 1
    },
    {
      "__type__": "cc.Mat4",
      "m00": -0.00001716874430712778,
      "m01": 0.0009660252253524959,
      "m02": -100,
      "m03": 0,
      "m04": -99.99872589111328,
      "m05": 0.5076243281364441,
      "m06": 0.000022072301362641156,
      "m07": 0,
      "m08": 0.5076244473457336,
      "m09": 99.99869537353516,
      "m10": 0.0009659257484599948,
      "m11": 0,
      "m12": 0.3119867146015167,
      "m13": -0.0015707570128142834,
      "m14": -2.210459371099205e-7,
      "m15": 1
    },
    {
      "__type__": "cc.Mat4",
      "m00": -0.000017227815988007933,
      "m01": 0.3499753177165985,
      "m02": -99.9993896484375,
      "m03": 0,
      "m04": -99.99998474121094,
      "m05": 0.001378235756419599,
      "m06": 0.000022051441192161292,
      "m07": 0,
      "m08": 0.0013783047907054424,
      "m09": 99.99935150146484,
      "m10": 0.34997543692588806,
      "m11": 0,
      "m12": 0.55824214220047,
      "m13": -0.00034595426404848695,
      "m14": -0.000001416144982613332,
      "m15": 1
    },
    {
      "__type__": "cc.Mat4",
      "m00": -0.000017199234207510017,
      "m01": 0.0019744490273296833,
      "m02": -100,
      "m03": 0,
      "m04": -99.99970245361328,
      "m05": 0.24680614471435547,
      "m06": 0.000022072243154980242,
      "m07": 0,
      "m08": 0.24680618941783905,
      "m09": 99.99967956542969,
      "m10": 0.001974400831386447,
      "m11": 0,
      "m12": 0.659508466720581,
      "m13": -0.0017177867703139782,
      "m14": -2.389462565588474e-7,
      "m15": 1
    },
    {
      "__type__": "cc.Mat4",
      "m00": -0.000017287709852098487,
      "m01": -0.0009277129429392517,
      "m02": -100,
      "m03": 0,
      "m04": -99.9986572265625,
      "m05": -0.5157766342163086,
      "m06": 0.00002207241050200537,
      "m07": 0,
      "m08": -0.5157767534255981,
      "m09": 99.9986343383789,
      "m10": -0.0009276117780245841,
      "m11": 0,
      "m12": 0.18802595138549805,
      "m13": 0.00033698679180815816,
      "m14": -2.0941278933150898e-7,
      "m15": 1
    }
  ],
  "_hash": 3482533262
}