{
  "__type__": "cc.SpriteFrame",
  "content": {
    "name": "韩语LOGO",
    "atlas": "",
    "rect": {
      "x": 52,
      "y": 0,
      "width": 415,
      "height": 208
    },
    "offset": {
      "x": -0.5,
      "y": 0
    },
    "originalSize": {
      "width": 520,
      "height": 208
    },
    "rotated": false,
    "capInsets": [
      0,
      0,
      0,
      0
    ],
    "vertices": {
      "rawPosition": [
        -207.5,
        -104,
        0,
        207.5,
        -104,
        0,
        -207.5,
        104,
        0,
        207.5,
        104,
        0
      ],
      "indexes": [
        0,
        1,
        2,
        2,
        1,
        3
      ],
      "uv": [
        52,
        208,
        467,
        208,
        52,
        0,
        467,
        0
      ],
      "nuv": [
        0.1,
        0,
        0.8980769230769231,
        0,
        0.1,
        1,
        0.8980769230769231,
        1
      ],
      "minPos": {
        "x": -207.5,
        "y": -104,
        "z": 0
      },
      "maxPos": {
        "x": 207.5,
        "y": 104,
        "z": 0
      }
    },
    "texture": "c6d5158a-4e30-4dce-9172-b67e53df33c8@6c48a",
    "packable": true,
    "pixelsToUnit": 100,
    "pivot": {
      "x": 0.5,
      "y": 0.5
    },
    "meshType": 0
  }
}