{
  "__type__": "cc.SpriteFrame",
  "content": {
    "name": "矿石",
    "atlas": "",
    "rect": {
      "x": 1,
      "y": 0,
      "width": 197,
      "height": 204
    },
    "offset": {
      "x": 0.5,
      "y": 0
    },
    "originalSize": {
      "width": 198,
      "height": 204
    },
    "rotated": false,
    "capInsets": [
      0,
      0,
      0,
      0
    ],
    "vertices": {
      "rawPosition": [
        -98.5,
        -102,
        0,
        98.5,
        -102,
        0,
        -98.5,
        102,
        0,
        98.5,
        102,
        0
      ],
      "indexes": [
        0,
        1,
        2,
        2,
        1,
        3
      ],
      "uv": [
        1,
        204,
        198,
        204,
        1,
        0,
        198,
        0
      ],
      "nuv": [
        0.005050505050505051,
        0,
        1,
        0,
        0.005050505050505051,
        1,
        1,
        1
      ],
      "minPos": {
        "x": -98.5,
        "y": -102,
        "z": 0
      },
      "maxPos": {
        "x": 98.5,
        "y": 102,
        "z": 0
      }
    },
    "texture": "6b8cead0-914f-4c9b-bf4c-64e93fe0140b@6c48a",
    "packable": true,
    "pixelsToUnit": 100,
    "pivot": {
      "x": 0.5,
      "y": 0.5
    },
    "meshType": 0
  }
}