{
  "__type__": "cc.Skeleton",
  "_name": "Skin-1",
  "_objFlags": 0,
  "__editorExtras__": {},
  "_native": "",
  "_joints": [
    "Dummy004/Dummy005/Dummy002",
    "Dummy004"
  ],
  "_bindposes": [
    {
      "__type__": "cc.Mat4",
      "m00": 4.5825935046650557e-8,
      "m01": -1.048375129699707,
      "m02": 6.419446316792098e-17,
      "m03": 0,
      "m04": 1.048375129699707,
      "m05": 4.5825935046650557e-8,
      "m06": 6.419446316792098e-17,
      "m07": 0,
      "m08": -6.419446316792098e-17,
      "m09": 6.419446316792098e-17,
      "m10": 1.048375129699707,
      "m11": 0,
      "m12": 0.006730303168296814,
      "m13": -0.2688887119293213,
      "m14": -0.8651830554008484,
      "m15": 1
    },
    {
      "__type__": "cc.Mat4",
      "m00": 4.371138828673793e-8,
      "m01": -1,
      "m02": 6.123234262925839e-17,
      "m03": 0,
      "m04": 1,
      "m05": 4.371138828673793e-8,
      "m06": 6.123233601181349e-17,
      "m07": 0,
      "m08": -6.123234262925839e-17,
      "m09": 6.123233601181349e-17,
      "m10": 1,
      "m11": 0,
      "m12": -0.007286307867616415,
      "m13": -0.04174613580107689,
      "m14": 1.4382685422897339,
      "m15": 1
    }
  ],
  "_hash": 4151571520
}