{
  "__type__": "cc.Skeleton",
  "_name": "Skin-2",
  "_objFlags": 0,
  "__editorExtras__": {},
  "_native": "",
  "_joints": [
    "Dummy004/Dummy005/Dummy002",
    "Dummy004/Dummy005/Dummy002/Dummy001"
  ],
  "_bindposes": [
    {
      "__type__": "cc.Mat4",
      "m00": 1.3113415775478643e-7,
      "m01": -1,
      "m02": 6.123234262925839e-17,
      "m03": 0,
      "m04": 1,
      "m05": 1.3113415775478643e-7,
      "m06": 1.2246467202362698e-16,
      "m07": 0,
      "m08": -1.2246468525851679e-16,
      "m09": 6.123232939436859e-17,
      "m10": 1,
      "m11": 0,
      "m12": 0.00170406443066895,
      "m13": -0.06634900718927383,
      "m14": 0.010857849381864071,
      "m15": 1
    },
    {
      "__type__": "cc.Mat4",
      "m00": 1.3113415775478643e-7,
      "m01": -1,
      "m02": 6.123234262925839e-17,
      "m03": 0,
      "m04": 1,
      "m05": 1.3113415775478643e-7,
      "m06": 1.2246467202362698e-16,
      "m07": 0,
      "m08": -1.2246468525851679e-16,
      "m09": 6.123232939436859e-17,
      "m10": 1,
      "m11": 0,
      "m12": 0.007741434033960104,
      "m13": -0.6191162467002869,
      "m14": -0.0915457159280777,
      "m15": 1
    }
  ],
  "_hash": 1596539347
}