{
  "__type__": "cc.SpriteFrame",
  "content": {
    "name": "工人",
    "atlas": "",
    "rect": {
      "x": 1,
      "y": 1,
      "width": 83,
      "height": 88
    },
    "offset": {
      "x": 0.5,
      "y": -0.5
    },
    "originalSize": {
      "width": 84,
      "height": 89
    },
    "rotated": false,
    "capInsets": [
      0,
      0,
      0,
      0
    ],
    "vertices": {
      "rawPosition": [
        -41.5,
        -44,
        0,
        41.5,
        -44,
        0,
        -41.5,
        44,
        0,
        41.5,
        44,
        0
      ],
      "indexes": [
        0,
        1,
        2,
        2,
        1,
        3
      ],
      "uv": [
        1,
        88,
        84,
        88,
        1,
        0,
        84,
        0
      ],
      "nuv": [
        0.011904761904761904,
        0,
        1,
        0,
        0.011904761904761904,
        0.9887640449438202,
        1,
        0.9887640449438202
      ],
      "minPos": {
        "x": -41.5,
        "y": -44,
        "z": 0
      },
      "maxPos": {
        "x": 41.5,
        "y": 44,
        "z": 0
      }
    },
    "texture": "76df5771-f9a8-4d7d-ab74-9ed68a0952c4@6c48a",
    "packable": true,
    "pixelsToUnit": 100,
    "pivot": {
      "x": 0.5,
      "y": 0.5
    },
    "meshType": 0
  }
}