{
  "__type__": "cc.SpriteFrame",
  "content": {
    "name": "imf_jjiantou",
    "atlas": "",
    "rect": {
      "x": 1,
      "y": 1,
      "width": 173,
      "height": 248
    },
    "offset": {
      "x": 0,
      "y": -0.5
    },
    "originalSize": {
      "width": 175,
      "height": 249
    },
    "rotated": false,
    "capInsets": [
      0,
      0,
      0,
      0
    ],
    "vertices": {
      "rawPosition": [
        -86.5,
        -124,
        0,
        86.5,
        -124,
        0,
        -86.5,
        124,
        0,
        86.5,
        124,
        0
      ],
      "indexes": [
        0,
        1,
        2,
        2,
        1,
        3
      ],
      "uv": [
        1,
        248,
        174,
        248,
        1,
        0,
        174,
        0
      ],
      "nuv": [
        0.005714285714285714,
        0,
        0.9942857142857143,
        0,
        0.005714285714285714,
        0.9959839357429718,
        0.9942857142857143,
        0.9959839357429718
      ],
      "minPos": {
        "x": -86.5,
        "y": -124,
        "z": 0
      },
      "maxPos": {
        "x": 86.5,
        "y": 124,
        "z": 0
      }
    },
    "texture": "159bf523-aedd-416a-af72-63be5636ae66@6c48a",
    "packable": true,
    "pixelsToUnit": 100,
    "pivot": {
      "x": 0.5,
      "y": 0.5
    },
    "meshType": 0
  }
}