{
  "__type__": "cc.Skeleton",
  "_name": "Skin-0",
  "_objFlags": 0,
  "__editorExtras__": {},
  "_native": "",
  "_joints": [
    "ROOT_xiaomai/Bone029",
    "ROOT_xiaomai/Bone028"
  ],
  "_bindposes": [
    {
      "__type__": "cc.Mat4",
      "m00": -0.9999825358390808,
      "m01": -0.005910537205636501,
      "m02": -3.8837265492475126e-7,
      "m03": 0,
      "m04": 0.005910537205636501,
      "m05": -0.9999825358390808,
      "m06": 2.6665052388352706e-8,
      "m07": 0,
      "m08": -3.88523460514989e-7,
      "m09": 2.4369095186216327e-8,
      "m10": 1,
      "m11": 0,
      "m12": -2.5330216884613037,
      "m13": 9.6003999710083,
      "m14": -3.7996773719787598,
      "m15": 1
    },
    {
      "__type__": "cc.Mat4",
      "m00": 3.178274141646398e-7,
      "m01": -1,
      "m02": 2.1123048554727575e-7,
      "m03": 0,
      "m04": 1,
      "m05": 3.178274141646398e-7,
      "m06": 1.192483356504681e-8,
      "m07": 0,
      "m08": -1.1924901066606708e-8,
      "m09": 2.1123048554727575e-7,
      "m10": 1,
      "m11": 0,
      "m12": 0.00004822108894586563,
      "m13": 2.6346535682678223,
      "m14": -3.799675941467285,
      "m15": 1
    }
  ],
  "_hash": 421576710
}