{
  "__type__": "cc.Skeleton",
  "_name": "Skin-1",
  "_objFlags": 0,
  "__editorExtras__": {},
  "_native": "",
  "_joints": [
    "ROOT_xiaomai",
    "ROOT_xiaomai/Bone006",
    "ROOT_xiaomai/Bone006/Bone011",
    "ROOT_xiaomai/Bone006/Bone017",
    "ROOT_xiaomai/Bone001",
    "ROOT_xiaomai/Bone006/Bone007",
    "ROOT_xiaomai/Bone006/Bone007/Bone008",
    "ROOT_xiaomai/Bone006/Bone007/Bone015",
    "ROOT_xiaomai/Bone006/Bone007/Bone013",
    "ROOT_xiaomai/Bone006/Bone007/Bone008/Bone009",
    "ROOT_xiaomai/Bone006/Bone007/Bone008/Bone009/Bone026",
    "ROOT_xiaomai/Bone001/Bone025",
    "ROOT_xiaomai/Bone001/Bone023",
    "ROOT_xiaomai/Bone001/Bone002",
    "ROOT_xiaomai/Bone001/Bone002/Bone021",
    "ROOT_xiaomai/Bone001/Bone002/Bone019",
    "ROOT_xiaomai/Bone001/Bone002/Bone003",
    "ROOT_xiaomai/Bone001/Bone002/Bone003/Bone004",
    "ROOT_xiaomai/Bone001/Bone002/Bone003/Bone004/Bone027"
  ],
  "_bindposes": [
    {
      "__type__": "cc.Mat4",
      "m00": 1,
      "m01": 0,
      "m02": 0,
      "m03": 0,
      "m04": 0,
      "m05": 1,
      "m06": -2.6469779601696886e-23,
      "m07": 0,
      "m08": 0,
      "m09": 2.6469779601696886e-23,
      "m10": 1,
      "m11": 0,
      "m12": -3.0623836517333984,
      "m13": -9.684944152832031,
      "m14": -3.3973758220672607,
      "m15": 1
    },
    {
      "__type__": "cc.Mat4",
      "m00": 0.1724456250667572,
      "m01": 9.154128974842024e-7,
      "m02": 0.9850189089775085,
      "m03": 0,
      "m04": 0.903430163860321,
      "m05": -0.39849570393562317,
      "m06": -0.15816161036491394,
      "m07": 0,
      "m08": 0.39252570271492004,
      "m09": 0.9171702265739441,
      "m10": -0.06871966272592545,
      "m11": 0,
      "m12": -11.061880111694336,
      "m13": -0.02059975452721119,
      "m14": -0.7095712423324585,
      "m15": 1
    },
    {
      "__type__": "cc.Mat4",
      "m00": -0.8260031342506409,
      "m01": -0.5365034937858582,
      "m02": -0.172866091132164,
      "m03": 0,
      "m04": 0.5521657466888428,
      "m05": -0.7085278034210205,
      "m06": -0.43943288922309875,
      "m07": 0,
      "m08": 0.11327684670686722,
      "m09": -0.4584237039089203,
      "m10": 0.881485104560852,
      "m11": 0,
      "m12": -4.965264320373535,
      "m13": 12.000603675842285,
      "m14": 0.9751521944999695,
      "m15": 1
    },
    {
      "__type__": "cc.Mat4",
      "m00": 0.716707706451416,
      "m01": -0.06851300597190857,
      "m02": 0.6939998865127563,
      "m03": 0,
      "m04": 0.369944304227829,
      "m05": 0.8809477090835571,
      "m06": -0.29508018493652344,
      "m07": 0,
      "m08": -0.5911607146263123,
      "m09": 0.4682276248931885,
      "m10": 0.6567280292510986,
      "m11": 0,
      "m12": -3.4827120304107666,
      "m13": -12.762940406799316,
      "m14": -2.3079123497009277,
      "m15": 1
    },
    {
      "__type__": "cc.Mat4",
      "m00": 0.2729497253894806,
      "m01": 0.4200734794139862,
      "m02": 0.8654690980911255,
      "m03": 0,
      "m04": 0.8739478588104248,
      "m05": -0.4843254089355469,
      "m06": -0.040546298027038574,
      "m07": 0,
      "m08": 0.4021362364292145,
      "m09": 0.7674419283866882,
      "m10": -0.49931883811950684,
      "m11": 0,
      "m12": -11.382532119750977,
      "m13": 1.8645994663238525,
      "m14": -1.372512698173523,
      "m15": 1
    },
    {
      "__type__": "cc.Mat4",
      "m00": 0.05661958456039429,
      "m01": -0.04211311787366867,
      "m02": 0.9975071549415588,
      "m03": 0,
      "m04": 0.7915198802947998,
      "m05": -0.6070569157600403,
      "m06": -0.07055645436048508,
      "m07": 0,
      "m08": 0.6085150837898254,
      "m09": 0.793541669845581,
      "m10": -0.001037940732203424,
      "m11": 0,
      "m12": -12.731688499450684,
      "m13": 3.225071668624878,
      "m14": -2.1390345096588135,
      "m15": 1
    },
    {
      "__type__": "cc.Mat4",
      "m00": -0.07703721523284912,
      "m01": -0.047354064881801605,
      "m02": 0.9959028959274292,
      "m03": 0,
      "m04": 0.7325853109359741,
      "m05": -0.6802405118942261,
      "m06": 0.024323826655745506,
      "m07": 0,
      "m08": 0.6763017773628235,
      "m09": 0.7314577698707581,
      "m10": 0.08709470927715302,
      "m11": 0,
      "m12": -13.895658493041992,
      "m13": 4.618459701538086,
      "m14": -3.968127727508545,
      "m15": 1
    },
    {
      "__type__": "cc.Mat4",
      "m00": 0.6209177374839783,
      "m01": -0.7824523448944092,
      "m02": -0.04721714183688164,
      "m03": 0,
      "m04": 0.6748412847518921,
      "m05": 0.564225435256958,
      "m06": -0.4756457209587097,
      "m07": 0,
      "m08": 0.39881134033203125,
      "m09": 0.2634727954864502,
      "m10": 0.8783685564994812,
      "m11": 0,
      "m12": -13.370698928833008,
      "m13": -6.826674938201904,
      "m14": 0.9096487760543823,
      "m15": 1
    },
    {
      "__type__": "cc.Mat4",
      "m00": -0.7127566933631897,
      "m01": -0.6897435188293457,
      "m02": -0.12740343809127808,
      "m03": 0,
      "m04": 0.6100314259529114,
      "m05": -0.519939661026001,
      "m06": -0.5979333519935608,
      "m07": 0,
      "m08": 0.34617865085601807,
      "m09": -0.5039010047912598,
      "m10": 0.7913556694984436,
      "m11": 0,
      "m12": -8.232697486877441,
      "m13": 12.033234596252441,
      "m14": 3.413363456726074,
      "m15": 1
    },
    {
      "__type__": "cc.Mat4",
      "m00": -0.28667202591896057,
      "m01": -0.04281063750386238,
      "m02": 0.9570717215538025,
      "m03": 0,
      "m04": 0.6714610457420349,
      "m05": -0.7215474247932434,
      "m06": 0.1688474863767624,
      "m07": 0,
      "m08": 0.6833441853523254,
      "m09": 0.6910402774810791,
      "m10": 0.23559309542179108,
      "m11": 0,
      "m12": -13.958191871643066,
      "m13": 5.504203796386719,
      "m14": -7.051153182983398,
      "m15": 1
    },
    {
      "__type__": "cc.Mat4",
      "m00": -0.28667211532592773,
      "m01": -0.042810309678316116,
      "m02": 0.9570716023445129,
      "m03": 0,
      "m04": 0.6714606881141663,
      "m05": -0.7215478420257568,
      "m06": 0.16884773969650269,
      "m07": 0,
      "m08": 0.683344304561615,
      "m09": 0.6910403370857239,
      "m10": 0.23559299111366272,
      "m11": 0,
      "m12": -15.531794548034668,
      "m13": 5.504209995269775,
      "m14": -7.051154136657715,
      "m15": 1
    },
    {
      "__type__": "cc.Mat4",
      "m00": -0.8679502606391907,
      "m01": 0.42476049065589905,
      "m02": 0.2573733627796173,
      "m03": 0,
      "m04": 0.4966450333595276,
      "m05": 0.7449300289154053,
      "m06": 0.44544681906700134,
      "m07": 0,
      "m08": -0.0025169472210109234,
      "m09": 0.5144487619400024,
      "m10": -0.8575173616409302,
      "m11": 0,
      "m12": -2.7579970359802246,
      "m13": -12.380579948425293,
      "m14": -3.5851879119873047,
      "m15": 1
    },
    {
      "__type__": "cc.Mat4",
      "m00": 0.6484031081199646,
      "m01": -0.3241840600967407,
      "m02": -0.6888238191604614,
      "m03": 0,
      "m04": 0.18060962855815887,
      "m05": -0.8134675621986389,
      "m06": 0.5528570413589478,
      "m07": 0,
      "m08": -0.7395631670951843,
      "m09": -0.48288241028785706,
      "m10": -0.4689041078090668,
      "m11": 0,
      "m12": -2.573392391204834,
      "m13": 12.656827926635742,
      "m14": -2.4619243144989014,
      "m15": 1
    },
    {
      "__type__": "cc.Mat4",
      "m00": 0.3617122173309326,
      "m01": 0.3465941548347473,
      "m02": 0.8654690384864807,
      "m03": 0,
      "m04": 0.7401639819145203,
      "m05": -0.6712027192115784,
      "m06": -0.040546126663684845,
      "m07": 0,
      "m08": 0.5668521523475647,
      "m09": 0.6552550196647644,
      "m10": -0.49931883811950684,
      "m11": 0,
      "m12": -12.716232299804688,
      "m13": 4.899771213531494,
      "m14": -1.3725148439407349,
      "m15": 1
    },
    {
      "__type__": "cc.Mat4",