{
  "__type__": "cc.Skeleton",
  "_name": "Skin-1",
  "_objFlags": 0,
  "__editorExtras__": {},
  "_native": "",
  "_joints": [
    "Dummy004",
    "Dummy004/Dummy005/Dummy002"
  ],
  "_bindposes": [
    {
      "__type__": "cc.Mat4",
      "m00": 1.3113415775478643e-7,
      "m01": -1,
      "m02": 6.123234262925839e-17,
      "m03": 0,
      "m04": 1,
      "m05": 1.3113415775478643e-7,
      "m06": 1.2246467202362698e-16,
      "m07": 0,
      "m08": -1.2246468525851679e-16,
      "m09": 6.123232939436859e-17,
      "m10": 1,
      "m11": 0,
      "m12": -0.00728630879893899,
      "m13": -0.04174613580107689,
      "m14": 1.4382685422897339,
      "m15": 1
    },
    {
      "__type__": "cc.Mat4",
      "m00": 1.374777980345243e-7,
      "m01": -1.048375129699707,
      "m02": 6.419446978536588e-17,
      "m03": 0,
      "m04": 1.048375129699707,
      "m05": 1.374777980345243e-7,
      "m06": 1.2838892633584197e-16,
      "m07": 0,
      "m08": -1.2838892633584197e-16,
      "m09": 6.419444993303118e-17,
      "m10": 1.048375129699707,
      "m11": 0,
      "m12": 0.006730301771312952,
      "m13": -0.2688887119293213,
      "m14": -0.8651830554008484,
      "m15": 1
    }
  ],
  "_hash": 2558638942
}