{
  "__type__": "cc.Skeleton",
  "_name": "Skin-2",
  "_objFlags": 0,
  "__editorExtras__": {},
  "_native": "",
  "_joints": [
    "Dummy004/Dummy005/Dummy002",
    "Dummy004/Dummy005/Dummy002/Dummy001"
  ],
  "_bindposes": [
    {
      "__type__": "cc.Mat4",
      "m00": 2.1855693432826229e-7,
      "m01": -1,
      "m02": 6.123234262925839e-17,
      "m03": 0,
      "m04": 1,
      "m05": 2.1855693432826229e-7,
      "m06": 1.8369701465288538e-16,
      "m07": 0,
      "m08": -1.8369702788777518e-16,
      "m09": 6.123230292458899e-17,
      "m10": 1,
      "m11": 0,
      "m12": 0.0017040654784068465,
      "m13": -0.06634900718927383,
      "m14": 0.010857849381864071,
      "m15": 1
    },
    {
      "__type__": "cc.Mat4",
      "m00": 2.1855693432826229e-7,
      "m01": -1,
      "m02": 6.123234262925839e-17,
      "m03": 0,
      "m04": 1,
      "m05": 2.1855693432826229e-7,
      "m06": 1.8369701465288538e-16,
      "m07": 0,
      "m08": -1.8369702788777518e-16,
      "m09": 6.123230292458899e-17,
      "m10": 1,
      "m11": 0,
      "m12": 0.007741435430943966,
      "m13": -0.6191162467002869,
      "m14": -0.0915457159280777,
      "m15": 1
    }
  ],
  "_hash": 4150680218
}