{
  "__version__": "1.0.3",
  "builder": {},
  "gizmos-infos": {
    "is2D": false,
    "is3DIcon": false,
    "iconSize": 2,
    "gridVisible": true,
    "originAxis2D": {
      "x_visible": true,
      "y_visible": true,
      "z_visible": false
    },
    "originAxis3D": {
      "x_visible": true,
      "y_visible": false,
      "z_visible": true
    },
    "gridColor": [
      166,
      166,
      166,
      255
    ],
    "transformToolName": "position",
    "pivot": "pivot",
    "coordinate": "local",
    "toolsVisibility3d": true
  },
  "snap-configs": {
    "position": {
      "x": 1,
      "y": 1,
      "z": 1
    },
    "rotation": 1,
    "scale": 1,
    "isPositionSnapEnabled": false,
    "isRotationSnapEnabled": false,
    "isScaleSnapEnabled": false
  },
  "rect-snap-configs": {
    "enableSnapping": true,
    "snapThreshold": 4
  },
  "camera-infos": {
    "7fd2d7cb-6f3e-444c-8c37-dc9341a46443": {
      "position": {
        "x": 18.610607916750947,
        "y": 18.610607916750944,
        "z": 18.61060791675094
      },
      "rotation": {
        "x": -0.27984814233312133,
        "y": 0.3647051996310009,
        "z": 0.11591689595929512,
        "w": 0.8804762392171493
      },
      "viewCenter": {
        "x": 0,
        "y": 0,
        "z": 0
      },
      "contentRect": {
        "x": 0,
        "y": 0,
        "width": 1278,
        "height": 771
      },
      "scale": 1
    },
    "98279ad9-13b4-dbd7-4668-3f131ac61cef": {
      "position": {
        "x": 26.19586498123107,
        "y": 26.9868569813488,
        "z": 26.411482079230954
      },
      "rotation": {
        "x": -0.25717370043550564,
        "y": 0.37882423886009114,
        "z": 0.1104411186945997,
        "w": 0.8821318740144032
      },
      "viewCenter": {
        "x": -1.9012000905400086,
        "y": 2.296270164604543,
        "z": -0.26896959326125724
      },
      "contentRect": {
        "x": 0,
        "y": 0,
        "width": 1278,
        "height": 771
      },
      "scale": 1
    }
  },
  "camera-uuids": [
    "7fd2d7cb-6f3e-444c-8c37-dc9341a46443",
    "98279ad9-13b4-dbd7-4668-3f131ac61cef"
  ],
  "camera": {
    "color": [
      48,
      48,
      48,
      255
    ],
    "fov": 45,
    "far": 10000,
    "near": 0.01,
    "wheelSpeed": 0.01,
    "wanderSpeed": 10,
    "enableAcceleration": true,
    "size": "__default_design__",
    "far2D": 10000,
    "near2D": 1,
    "wheelSpeed2D": 6,
    "iso": 0,
    "aperture": 19,
    "shutter": 7
  }
}
