{
  "__type__": "cc.Skeleton",
  "_name": "Skin-0",
  "_objFlags": 0,
  "__editorExtras__": {},
  "_native": "",
  "_joints": [
    "root/Bip001/Bip001 Pelvis/Bip001 Spine/Bip001 Spine1/Bip001 Neck/Bip001 Head",
    "root/Bip001/Bip001 Pelvis/Bip001 Spine/Bip001 Spine1/Bip001 Neck/Bip001 Head/Bone001",
    "root/Bip001/Bip001 Pelvis/Bip001 Spine/Bip001 Spine1/Bip001 Neck/Bip001 Head/Bone001/Bone002",
    "root/Bip001/Bip001 Pelvis/Bip001 Spine/Bip001 Spine1/Bip001 Neck/Bip001 Head/Bone001/Bone002/Bone003"
  ],
  "_bindposes": [
    {
      "__type__": "cc.Mat4",
      "m00": 2.6824880094977743e-9,
      "m01": -0.0000014068501741348882,
      "m02": 1,
      "m03": 0,
      "m04": -0.08092769980430603,
      "m05": -0.9967200756072998,
      "m06": -0.0000014020185972185573,
      "m07": 0,
      "m08": 0.996720016002655,
      "m09": -0.08092770725488663,
      "m10": -1.16526834403885e-7,
      "m11": 0,
      "m12": -1.60349440574646,
      "m13": 0.070421002805233,
      "m14": 8.347082314230647e-8,
      "m15": 1
    },
    {
      "__type__": "cc.Mat4",
      "m00": 0.32510462403297424,
      "m01": -0.9438138604164124,
      "m02": -0.05934790149331093,
      "m03": 0,
      "m04": 0.3006807267665863,
      "m05": 0.04366390034556389,
      "m06": 0.9527245759963989,
      "m07": 0,
      "m08": -0.8966029286384583,
      "m09": -0.32758018374443054,
      "m10": 0.2979821264743805,
      "m11": 0,
      "m12": 1.5441724061965942,
      "m13": 0.608005702495575,
      "m14": -0.5706313252449036,
      "m15": 1
    },
    {
      "__type__": "cc.Mat4",
      "m00": 0.2208578884601593,
      "m01": -0.9752182960510254,
      "m02": 0.013093065470457077,
      "m03": 0,
      "m04": -0.022173184901475906,
      "m05": 0.008400444872677326,
      "m06": 0.9997184872627258,
      "m07": 0,
      "m08": -0.9750536680221558,
      "m09": -0.22108620405197144,
      "m10": -0.019768385216593742,
      "m11": 0,
      "m12": 1.4311000108718872,
      "m13": 0.45793014764785767,
      "m14": -0.11190322786569595,
      "m15": 1
    },
    {
      "__type__": "cc.Mat4",
      "m00": -0.050639037042856216,
      "m01": -0.9976320266723633,
      "m02": -0.046529874205589294,
      "m03": 0,
      "m04": -0.5649164915084839,
      "m05": -0.009807704016566277,
      "m06": 0.8250892162322998,
      "m07": 0,
      "m08": -0.8235923051834106,
      "m09": 0.06806723773479462,
      "m10": -0.5630823373794556,
      "m11": 0,
      "m12": 1.1116533279418945,
      "m13": 0.10425028949975967,
      "m14": 0.5998160243034363,
      "m15": 1
    }
  ],
  "_hash": 2643681520
}