{
  "__type__": "cc.Skeleton",
  "_name": "Skin-1",
  "_objFlags": 0,
  "__editorExtras__": {},
  "_native": "",
  "_joints": [
    "Bip001/Bip001 Pelvis/Bip001 Spine/Bip001 Spine1/Bip001 Neck/Bip001 R Clavicle/Bip001 R UpperArm/Bip001 R Forearm/Bip001 R Hand/jiatelin",
    "Bip001/Bip001 Pelvis/Bip001 Spine/Bip001 Spine1/Bip001 Neck/Bip001 R Clavicle/Bip001 R UpperArm/Bip001 R Forearm/Bip001 R Hand/jiatelin/jiatelin2"
  ],
  "_bindposes": [
    {
      "__type__": "cc.Mat4",
      "m00": 0.011220451444387436,
      "m01": -5.350328624587064e-9,
      "m02": -4.906444170322047e-16,
      "m03": 0,
      "m04": 5.350332177300743e-9,
      "m05": 0.011220451444387436,
      "m06": 5.355135446194481e-9,
      "m07": 0,
      "m08": -2.062884368533857e-15,
      "m09": -5.3551345580160614e-9,
      "m10": 0.011220451444387436,
      "m11": 0,
      "m12": 3.1825073687485883e-9,
      "m13": -6.157171128506889e-7,
      "m14": 0.90618896484375,
      "m15": 1
    },
    {
      "__type__": "cc.Mat4",
      "m00": 0.005254864227026701,
      "m01": -3.1573612613300384e-9,
      "m02": 1.2495601220408048e-9,
      "m03": 0,
      "m04": 3.157359484973199e-9,
      "m05": 0.005254865158349276,
      "m06": 1.515912195770852e-8,
      "m07": 0,
      "m08": -1.249570003025724e-9,
      "m09": -1.515912195770852e-8,
      "m10": 0.005254863761365414,
      "m11": 0,
      "m12": -2.832289780485553e-8,
      "m13": 5.258029318611079e-7,
      "m14": -0.16443020105361938,
      "m15": 1
    }
  ],
  "_hash": 4072078706
}