{
  "__type__": "cc.SpriteFrame",
  "content": {
    "name": "LOGO11",
    "atlas": "",
    "rect": {
      "x": 8,
      "y": 5,
      "width": 504,
      "height": 197
    },
    "offset": {
      "x": 0,
      "y": 0.5
    },
    "originalSize": {
      "width": 520,
      "height": 208
    },
    "rotated": false,
    "capInsets": [
      0,
      0,
      0,
      0
    ],
    "vertices": {
      "rawPosition": [
        -252,
        -98.5,
        0,
        252,
        -98.5,
        0,
        -252,
        98.5,
        0,
        252,
        98.5,
        0
      ],
      "indexes": [
        0,
        1,
        2,
        2,
        1,
        3
      ],
      "uv": [
        8,
        203,
        512,
        203,
        8,
        6,
        512,
        6
      ],
      "nuv": [
        0.015384615384615385,
        0.028846153846153848,
        0.9846153846153847,
        0.028846153846153848,
        0.015384615384615385,
        0.9759615384615384,
        0.9846153846153847,
        0.9759615384615384
      ],
      "minPos": {
        "x": -252,
        "y": -98.5,
        "z": 0
      },
      "maxPos": {
        "x": 252,
        "y": 98.5,
        "z": 0
      }
    },
    "texture": "8a9dd0a0-5553-4446-89e3-0a05c8ca8f37@6c48a",
    "packable": true,
    "pixelsToUnit": 100,
    "pivot": {
      "x": 0.5,
      "y": 0.5
    },
    "meshType": 0
  }
}